row_id,size,started_utc,finished_utc,minutes,review_findings,notes
N-005,L,2026-10-05T11:53Z,2026-10-05T12:18Z,25,9 (7 first pass + 1 re-check + 1 hardening),"V0001-V0006; Azure dev DB run pending infra (btree_gist allow-list); docs/19 keys deferred by request"
N-006,L,2026-10-05T12:10Z,2026-10-05T12:59Z,49,"5 (round 1: 3, round 2: 1, round 3: 0)","V0007-V0009; contract v1.1 record types included; registry hash-partitioned (request filed)"
N-007,M,2026-10-05T12:28Z,2026-10-05T12:59Z,31,"5 (round 1: 5, round 2: 0)","V0010-V0011; audit hash chain on chain_seq"
N-008,M,2026-10-05T12:33Z,2026-10-05T12:59Z,26,"2 (round 1: 2, round 2: 0)","db/seed + :db:seed; answers docs/requests/backend-seed-login-accounts.md"
R5-defaults,S,2026-10-06T09:40Z,2026-10-06T09:42Z,2,0 (self-tested; small follow-up of the lead's R5),"V0012 cfg.web.menu_by_role and cfg.app.home_tiles defaults; ConfigDefaultsTest"
V0013,S,2026-10-06T10:05Z,2026-10-06T10:40Z,35,"1 (round 1: 1, round 2: 0)","refresh_family.device_uuid for backend request"
db-data-product,L,2026-10-06T11:00Z,2026-10-07T05:10Z,250,"9 (round 1: 2 blockers + 6 should-fix + nits, round 2: 1, round 3: 0)","V0014 roles, V0015 dw views, V0016 dictionary, V0017 event versions; squawk gate clean"
AUD-DA-03+TP-7+REL-03,M,2026-10-07T05:20Z,2026-10-07T06:30Z,70,"4 should-fix + 3 nits (round 1), fixed","V0020 auth_rw/pii_reader/support_ro, view-only web/BI, login limits, v_outlet_masked"
AUD-PERF-01,M,2026-10-07T05:40Z,2026-10-07T06:35Z,55,"1 should-fix + 3 nits (round 1), fixed","V0021 set-based uniqueness: 200-row batch p95 66-79 ms -> 8-16 ms"
AUD-DA-04,S,2026-10-07T05:10Z,,60,"4 should-fix + 4 nits (round 1), fixed","code lists built and checked; held for backend-masterdata fixture"
AUD-DA-03,M,2026-10-07T05:20Z,2026-10-07T06:30Z,0,see AUD-DA-03+TP-7+REL-03,"V0020 (combined row above)"
AUD-TP-7,M,2026-10-07T05:20Z,2026-10-07T06:30Z,0,see AUD-DA-03+TP-7+REL-03,"V0020 (combined row above)"
AUD-REL-03,M,2026-10-07T05:20Z,2026-10-07T06:30Z,0,see AUD-DA-03+TP-7+REL-03,"V0020 (combined row above)"
CI-254-role-race,S,2026-10-07T06:05Z,2026-10-07T06:30Z,25,"1 should-fix (lock leak on failed acquire), fixed","DbRolesTest rolled-back repair + RoleDdlLock; backend FreshDb asked"
